No,Constituency,Name,State,Party
1,Andaman and Nicobar Islands,BISHNU PADA RAY,Andaman and Nicobar Islands,Bharatiya Janata Party
2,Araku (ST),GUMMA THANUJA RANI,Andhra Pradesh,YSR Congress Party
3,Srikakulam,KINJARAPU RAMMOHAN NAIDU,Andhra Pradesh,Telugu Desam Party
4,Vizianagaram,APPALANAIDU KALISETTI,Andhra Pradesh,Telugu Desam Party
5,Visakhapatnam,SRIBHARAT MATHUKUMILI,Andhra Pradesh,Telugu Desam Party
6,Anakapalli,C.M.RAMESH,Andhra Pradesh,Bharatiya Janata Party
7,Kakinada,TANGELLA UDAY SRINIVAS,Andhra Pradesh,Jana Sena Party
8,Amalapuram (SC),G M HARISH (BALAYOGI),Andhra Pradesh,Telugu Desam Party
9,Rajahmundry,DAGGUBATI PURANDHESHWARI,Andhra Pradesh,Bharatiya Janata Party
10,Narasapuram,BHUPATHI RAJU SRINIVASA VARMA (B.J.P.VARMA),Andhra Pradesh,Bharatiya Janata Party
11,Eluru,PUTTA MAHESH KUMAR,Andhra Pradesh,Telugu Desam Party
12,Machilipatnam,BALASHOWRY VALLABHANENI,Andhra Pradesh,Jana Sena Party
13,Vijayawada,KESINENI SIVANATH (CHINNI),Andhra Pradesh,Telugu Desam Party
14,Guntur,DR CHANDRA SEKHAR PEMMASANI,Andhra Pradesh,Telugu Desam Party
15,Narasaraopet,LAVU SRIKRISHNA DEVARAYALU,Andhra Pradesh,Telugu Desam Party
16,Bapatla (SC),KRISHNA PRASAD TENNETI,Andhra Pradesh,Telugu Desam Party
17,Ongole,MAGUNTA SREENIVASULU REDDY,Andhra Pradesh,Telugu Desam Party
18,Nandyal,DR BYREDDY SHABARI,Andhra Pradesh,Telugu Desam Party
19,Kurnool,BASTIPATI NAGARAJU PANCHALINGALA,Andhra Pradesh,Telugu Desam Party
20,Anantapur,AMBICA G LAKSHMINARAYANA VALMIKI,Andhra Pradesh,Telugu Desam Party
21,Hindupur,B K PARTHASARATHI,Andhra Pradesh,Telugu Desam Party
22,Kadapa,Y. S. AVINASH REDDY,Andhra Pradesh,YSR Congress Party
23,Nellore,PRABHAKAR REDDY VEMIREDDY,Andhra Pradesh,Telugu Desam Party
24,Tirupati (SC),GURUMOORTHY MADDILA,Andhra Pradesh,YSR Congress Party
25,Rajampet,P V MIDHUN REDDY,Andhra Pradesh,YSR Congress Party
26,Chittoor (SC),DAGGUMALLA PRASADA RAO,Andhra Pradesh,Telugu Desam Party
27,Arunachal West,KIREN RIJIJU,Arunachal Pradesh,Bharatiya Janata Party
28,Arunachal East,TAPIR GAO,Arunachal Pradesh,Bharatiya Janata Party
29,Kokrajhar (ST),JOYANTA BASUMATARY,Assam,United People's Party Liberal
30,Dhubri,RAKIBUL HUSSAIN,Assam,Indian National Congress
31,Barpeta,PHANI BHUSAN CHOUDHURY,Assam,Asom Gana Parishad
32,Darrang–Udalguri,DILIP SAIKIA,Assam,Bharatiya Janata Party
33,Guwahati,BIJULI KALITA MEDHI,Assam,Bharatiya Janata Party
34,Diphu (ST),AMARSING TISSO,Assam,Bharatiya Janata Party
35,Karimganj,KRIPANATH MALLAH,Assam,Bharatiya Janata Party
36,Silchar (SC),PARIMAL SUKLABAIDYA,Assam,Bharatiya Janata Party
37,Nagaon,PRADYUT BORDOLOI,Assam,Indian National Congress
38,Kaziranga,KAMAKHYA PRASAD TASA,Assam,Bharatiya Janata Party
39,Sonitpur,RANJIT DUTTA,Assam,Bharatiya Janata Party
40,Lakhimpur,PRADAN BARUAH,Assam,Bharatiya Janata Party
41,Dibrugarh,SARBANANDA SONOWAL,Assam,Bharatiya Janata Party
42,Jorhat,GAURAV GOGOI,Assam,Indian National Congress
43,Valmiki Nagar,SUNIL KUMAR,Bihar,Janata Dal (United)
44,Paschim Champaran,DR.SANJAY JAISWAL,Bihar,Bharatiya Janata Party
45,Purvi Champaran,RADHA MOHAN SINGH,Bihar,Bharatiya Janata Party
46,Sheohar,LOVELY ANAND,Bihar,Janata Dal (United)
47,Sitamarhi,DEVESH CHANDRA THAKUR,Bihar,Janata Dal (United)
48,Madhubani,ASHOK KUMAR YADAV,Bihar,Bharatiya Janata Party
49,Jhanjharpur,RAMPRIT MANDAL,Bihar,Janata Dal (United)
50,Supaul,DILESHWAR KAMAIT,Bihar,Janata Dal (United)
51,Araria,PRADEEP KUMAR SINGH,Bihar,Bharatiya Janata Party
52,Kishanganj,MOHAMMAD JAWED,Bihar,Indian National Congress
53,Katihar,TARIQ ANWAR,Bihar,Indian National Congress
54,Purnia,RAJESH RANJAN ALIAS PAPPU YADAV,Bihar,Indian National Congress
55,Madhepura,DINESH CHANDRA YADAV,Bihar,Janata Dal (United)
56,Darbhanga,GOPAL JEE THAKUR,Bihar,Bharatiya Janata Party
57,Muzaffarpur,RAJ BHUSHAN CHOUDHARY,Bihar,Bharatiya Janata Party
58,Vaishali,VEENA DEVI,Bihar,Lok Janshakti Party
59,Gopalganj (SC),DR. ALOK KUMAR SUMAN,Bihar,Janata Dal (United)
60,Siwan,VIJAYLAKSHMI DEVI,Bihar,Janata Dal (United)
61,Maharajganj,JANARDAN SINGH SIGRIWAL,Bihar,Bharatiya Janata Party
62,Saran,RAJIV PRATAP RUDY,Bihar,Bharatiya Janata Party
63,Hajipur (SC),CHIRAG PASWAN,Bihar,Lok Janshakti Party
64,Ujiarpur,NITYANAND RAI,Bihar,Bharatiya Janata Party
65,Samastipur (SC),SHAMBHAVI,Bihar,Lok Janshakti Party
66,Begusarai,GIRIRAJ SINGH,Bihar,Bharatiya Janata Party
67,Khagaria,RAJESH VERMA,Bihar,Lok Janshakti Party
68,Bhagalpur,AJAY KUMAR MANDAL,Bihar,Janata Dal (United)
69,Banka,GIRIDHARI YADAV,Bihar,Janata Dal (United)
70,Munger,RAJIV RANJAN SINGH ALIAS LALAN SINGH,Bihar,Janata Dal (United)
71,Nalanda,KAUSHALENDRA KUMAR,Bihar,Janata Dal (United)
72,Patna Sahib,RAVI SHANKAR PRASAD,Bihar,Bharatiya Janata Party
73,Pataliputra,MISHA BHARTI,Bihar,Rashtriya Janata Dal
74,Arrah,SUDAMA PRASAD,Bihar,Communist Party of India (Marxist-Leninist) Liberation
75,Buxar,SUDHAKAR SINGH,Bihar,Rashtriya Janata Dal
76,Sasaram (SC),MANOJ KUMAR,Bihar,Indian National Congress
77,Karakat,RAJA RAM SINGH Kushwaha,Bihar,Communist Party of India (Marxist-Leninist) Liberation
78,Jahanabad,SURENDRA PRASAD YADAV,Bihar,Rashtriya Janata Dal
79,Aurangabad,ABHAY KUMAR SINHA,Bihar,Rashtriya Janata Dal
80,Gaya (SC),JITAN RAM MANJHI,Bihar,Hindustani Awam Morcha
81,Nawada,VIVEK THAKUR,Bihar,Bharatiya Janata Party
82,Jamui (SC),ARUN BHARTI,Bihar,Lok Janshakti Party
83,Chandigarh,MANISH TEWARI,Chandigarh,Indian National Congress
84,Surguja (ST),CHINTAMANI MAHARAJ,Chhattisgarh,Bharatiya Janata Party
85,Raigarh (ST),RADHESHYAM RATHIYA,Chhattisgarh,Bharatiya Janata Party
86,Janjgir (SC),KAMLESH JANGDE,Chhattisgarh,Bharatiya Janata Party
87,Korba,JYOTSNA CHARANDAS MAHANT,Chhattisgarh,Indian National Congress
88,Bilaspur,TOKHAN SAHU,Chhattisgarh,Bharatiya Janata Party
89,Rajnandgaon,SANTOSH PANDEY,Chhattisgarh,Bharatiya Janata Party
90,Durg,VIJAY BAGHEL,Chhattisgarh,Bharatiya Janata Party
91,Raipur,BRIJMOHAN AGRAWAL,Chhattisgarh,Bharatiya Janata Party
92,Mahasamund,ROOP KUMARI CHOUDHARY,Chhattisgarh,Bharatiya Janata Party
93,Bastar (ST),MAHESH KASHYAP,Chhattisgarh,Bharatiya Janata Party
94,Kanker (ST),BHOJRAJ NAG,Chhattisgarh,Bharatiya Janata Party
95,Dadra and Nagar Haveli (ST),DELKAR KALABEN MOHANBHAI,Dadra and Nagar Haveli and Daman and Diu,Bharatiya Janata Party
96,Daman and Diu,PATEL UMESHBHAI BABUBHAI,Dadra and Nagar Haveli and Daman and Diu,Independent
97,Chandni Chowk,PRAVEEN KHANDELWAL,Delhi,Bhartiya Janata Party
98,North East Delhi,MANOJ TIWARI,Delhi,Bhartiya Janata Party
99,East Delhi,HARSH MALHOTRA,Delhi,Bhartiya Janata Party
100,New Delhi,BANSURI SWARAJ,Delhi,Bhartiya Janata Party
101,North West Delhi (SC),YOGENDER CHANDOLIYA,Delhi,Bhartiya Janata Party
102,West Delhi,KAMALJEET SEHRAWAT,Delhi,Bhartiya Janata Party
103,South Delhi,RAMVIR SINGH BIDHURI,Delhi,Bhartiya Janata Party
104,North Goa,SHRIPAD YESSO NAIK,Goa,Bharatiya Janata Party
105,South Goa,CAPTAIN  VIRIATO FERNANDES,Goa,Indian National Congress
106,Kachchh (SC),CHAVDA VINOD LAKHAMSHI,Gujarat,Bharatiya Janata Party
107,Banaskantha,GENIBEN NAGAJI THAKOR,Gujarat,Indian National Congress
108,Patan,DABHI  BHARATSINHJI  SHANKARJI,Gujarat,Bharatiya Janata Party
109,Mahesana,Haribhai Patel,Gujarat,Bharatiya Janata Party
110,Sabarkantha,SHOBHANABEN MAHENDRASINH BARAIYA,Gujarat,Bharatiya Janata Party
111,Gandhinagar,Amit Shah,Gujarat,Bharatiya Janata Party
112,Ahmedabad East,HASMUKHBHAI PATEL (H.S.PATEL),Gujarat,Bharatiya Janata Party
113,Ahmedabad West (SC),DINESHBHAI MAKWANA (ADVOCATE),Gujarat,Bharatiya Janata Party
114,Surendranagar,CHANDUBHAI CHHAGANBHAI SHIHORA,Gujarat,Bharatiya Janata Party
115,Rajkot,PARSHOTTAMBHAI RUPALA,Gujarat,Bharatiya Janata Party
116,Porbandar,DR. MANSUKH MANDAVIYA,Gujarat,Bharatiya Janata Party
117,Jamnagar,POONAMBEN HEMATBHAI MAADAM,Gujarat,Bharatiya Janata Party
118,Junagadh,CHUDASAMA RAJESHBHAI NARANBHAI,Gujarat,Bharatiya Janata Party
119,Amreli,Bharatbhai Manubhai Sutariya,Gujarat,Bharatiya Janata Party
120,Bhavnagar,NIMUBEN JAYANTIBHAI BAMBHANIYA (NIMUBEN BAMBHANIYA),Gujarat,Bharatiya Janata Party
121,Anand,MITESH PATEL (BAKABHAI),Gujarat,Bharatiya Janata Party
122,Kheda,DEVUSINH CHAUHAN,Gujarat,Bharatiya Janata Party
123,Panchmahal,Rajpalsinh Mahendrasinh Jadav,Gujarat,Bharatiya Janata Party
124,Dahod (ST),JASWANTSINH SUMANBHAI BHABHOR,Gujarat,Bharatiya Janata Party
125,Vadodara,DR. HEMANG JOSHI,Gujarat,Bharatiya Janata Party
126,Chhota Udaipur (ST),Jashubhai Bhilubhai Rathva,Gujarat,Bharatiya Janata Party
127,Bharuch,MANSUKHBHAI DHANJIBHAI VASAVA,Gujarat,Bharatiya Janata Party
128,Bardoli (ST),PARBHUBHAI NAGARBHAI VASAVA,Gujarat,Bharatiya Janata Party
129,Surat,MUKESHKUMAR CHANDRAKAANT DALAL,Gujarat,Bharatiya Janata Party
130,Navsari,C R PATIL,Gujarat,Bharatiya Janata Party
131,Valsad (ST),DHAVAL LAXMANBHAI  PATEL,Gujarat,Bharatiya Janata Party
132,Ambala (SC),VARUN CHAUDHRY,Haryana,Indian National Congress
133,Kurukshetra,Naveen Jindal,Haryana,Bharatiya Janata Party
134,Sirsa (SC),SELJA,Haryana,Indian National Congress
135,Hisar,JAI PARKASH (J P) S/O HARIKESH,Haryana,Indian National Congress
136,Karnal,MANOHAR LAL,Haryana,Bharatiya Janata Party
137,Sonipat,Satpal Brahamchari,Haryana,Indian National Congress
138,Rohtak,Deepender Singh Hooda,Haryana,Indian National Congress
139,Bhiwani–Mahendragarh,DHARAMBIR SINGH,Haryana,Bharatiya Janata Party
140,Gurgaon,Rao Inderjit Singh,Haryana,Bharatiya Janata Party
141,Faridabad,KRISHAN PAL,Haryana,Bharatiya Janata Party
142,Mandi,KANGNA RANAUT,Himachal Pradesh,Bharatiya Janata Party
143,Kangra,DR RAJEEV BHARDWAJ,Himachal Pradesh,Bharatiya Janata Party
144,Hamirpur,ANURAG SINGH THAKUR,Himachal Pradesh,Bharatiya Janata Party
145,Shimla (SC),Suresh Kumar Kashyap,Himachal Pradesh,Bharatiya Janata Party
146,Baramulla,ABDUL RASHID SHEIKH,Jammu and Kashmir,Independent
147,Srinagar,Aga Syed Ruhullah Mehdi,Jammu and Kashmir,Jammu & Kashmir National Conference
148,Anantnag,MIAN ALTAF AHMAD,Jammu and Kashmir,Jammu & Kashmir National Conference
149,Udhampur,Jitendra Singh,Jammu and Kashmir,Bharatiya Janata Party
150,Jammu,JUGAL KISHORE,Jammu and Kashmir,Bharatiya Janata Party
151,Rajmahal (ST),VIJAY KUMAR HANSDAK,Jharkhand,Jharkhand Mukti Morcha
152,Dumka (ST),Nalin Soren,Jharkhand,Jharkhand Mukti Morcha
153,Godda,Nishikant Dubey,Jharkhand,Bharatiya Janata Party
154,Chatra,KALI CHARAN SINGH,Jharkhand,Bharatiya Janata Party
155,Kodarma,Annpurna Devi,Jharkhand,Bharatiya Janata Party
156,Giridih,Chandra Prakash Choudhary,Jharkhand,All Jharkhand Students Union
157,Dhanbad,Dulu Mahato,Jharkhand,Bharatiya Janata Party
158,Ranchi,Sanjay Seth,Jharkhand,Bharatiya Janata Party
159,Jamshedpur,Bidyut Baran Mahato,Jharkhand,Bharatiya Janata Party
160,Singhbhum (ST),Joba Majhi,Jharkhand,Jharkhand Mukti Morcha
161,Khunti (ST),Kali Charan Munda,Jharkhand,Indian National Congress
162,Lohardaga (ST),Sukhdeo Bhagat,Jharkhand,Indian National Congress
163,Palamau (SC),Vishnu Dayal Ram,Jharkhand,Bharatiya Janata Party
164,Hazaribagh,Manish Jaiswal,Jharkhand,Bharatiya Janata Party
165,Chikkodi,PRIYANKA SATISH JARKIHOLI,Karnataka,Indian National Congress
166,Belgaum,Jagadish Shettar,Karnataka,Bharatiya Janata Party
167,Bagalkot,GADDIGOUDAR. PARVATAGOUDA. CHANDANAGOUDA.,Karnataka,Bharatiya Janata Party
168,Bijapur (SC),Ramesh Jigajinagi,Karnataka,Bharatiya Janata Party
169,Gulbarga (SC),Radhakrishna,Karnataka,Indian National Congress
170,Raichur (ST),G. KUMAR NAIK.,Karnataka,Indian National Congress
171,Bidar,Sagar Eshwar Khandre,Karnataka,Indian National Congress
172,Koppal,K. Rajashekar Basavaraj Hitnal,Karnataka,Indian National Congress
173,Bellary (ST),E. Tukaram,Karnataka,Indian National Congress
174,Haveri,Basavaraj Bommai,Karnataka,Bharatiya Janata Party
175,Dharwad,Pralhad Joshi,Karnataka,Bharatiya Janata Party
176,Uttara Kannada,Vishweshwar Hegde Kageri,Karnataka,Bharatiya Janata Party
177,Davanagere,DR. PRABHA MALLIKARJUN,Karnataka,Indian National Congress
178,Shimoga,B.Y.RAGHAVENDRA,Karnataka,Bharatiya Janata Party
179,Udupi Chikmagalur,Kota Srinivas Poojary,Karnataka,Bharatiya Janata Party
180,Hassan,SHREYAS. M. PATEL,Karnataka,Indian National Congress
181,Dakshina Kannada,Captain Brijesh Chowta,Karnataka,Bharatiya Janata Party
182,Chitradurga (SC),GOVIND MAKTHAPPA KARJOL,Karnataka,Bharatiya Janata Party
183,Tumkur,V. Somanna,Karnataka,Bharatiya Janata Party
184,Mandya,H.D. KUMARASWAMY,Karnataka,Janata Dal (Secular)
185,Mysore,YADUVEER KRISHNADATTA CHAMARAJA WADIYAR,Karnataka,Bharatiya Janata Party
186,Chamarajanagar (SC),Sunil Bose,Karnataka,Indian National Congress
187,Bangalore Rural,DR C N MANJUNATH,Karnataka,Bharatiya Janata Party
188,Bangalore North,Shobha Karandlaje,Karnataka,Bharatiya Janata Party
189,Bangalore Central,P C MOHAN,Karnataka,Bharatiya Janata Party
190,Bangalore South,Tejasvi Surya,Karnataka,Bharatiya Janata Party
191,Chikballapur,DR.K.SUDHAKAR,Karnataka,Bharatiya Janata Party
192,Kolar (SC),M. Mallesh Babu,Karnataka,Janata Dal (Secular)
193,Kasaragod,Rajmohan Unnithan,Kerala,Indian National Congress
194,Kannur,K. Sudhakaran,Kerala,Indian National Congress
195,Vatakara,Shafi Parambil,Kerala,Indian National Congress
196,Wayanad,RAHUL GANDHI,Kerala,Indian National Congress
197,Kozhikode,M. K. Raghavan,Kerala,Indian National Congress
198,Malappuram,E.T.  MOHAMMED BASHEER,Kerala,Indian National Congress
199,Ponnani,DR. M.P ABDUSSAMAD SAMADANI,Kerala,Indian National Congress
200,Palakkad,V K SREEKANDAN,Kerala,Indian National Congress
201,Alathur (SC),K.RADHAKRISHNAN,Kerala,Communist Party of India (Marxist)
202,Thrissur,Suresh Gopi,Kerala,Bharatiya Janata Party
203,Chalakudy,Benny Behanan,Kerala,Indian National Congress
204,Ernakulam,Hibi Eden,Kerala,Indian National Congress
205,Idukki,ADV. DEAN KURIAKOSE,Kerala,Indian National Congress
206,Kottayam,ADV K FRANCIS GEORGE,Kerala,Kerala Congress
207,Alappuzha,K. C VENUGOPAL,Kerala,Indian National Congress
208,Mavelikara (SC),Kodikkunnil Suresh,Kerala,Indian National Congress
209,Pathanamthitta,Anto Antony,Kerala,Indian National Congress
210,Kollam,N. K. Premachandran,Kerala,Revolutionary Socialist Party
211,Attingal,Adoor Prakash,Kerala,Indian National Congress
212,Thiruvananthapuram,Shashi Tharoor,Kerala,Indian National Congress
213,Ladakh,Mohmad Haneefa,Ladakh,Independent
214,Lakshadweep (ST),Muhammed Hamdulla Sayeed,Lakshadweep,Indian National Congress
215,Morena,Shivmangal Singh Tomar,Madhya Pradesh,Bharatiya Janata Party
216,Bhind (SC),Sandhya Ray,Madhya Pradesh,Bharatiya Janata Party
217,Gwalior,Bharat Singh Kushwah,Madhya Pradesh,Bharatiya Janata Party
218,Guna,Jyotiraditya Scindia,Madhya Pradesh,Bharatiya Janata Party
219,Sagar,Lata Wankhede,Madhya Pradesh,Bharatiya Janata Party
220,Tikamgarh (SC),Virendra Kumar Khatik,Madhya Pradesh,Bharatiya Janata Party
221,Damoh,Rahul Lodhi,Madhya Pradesh,Bharatiya Janata Party
222,Khajuraho,V. D. Sharma,Madhya Pradesh,Bharatiya Janata Party
223,Satna,Ganesh Singh,Madhya Pradesh,Bharatiya Janata Party
224,Rewa,Janardan Mishra,Madhya Pradesh,Bharatiya Janata Party
225,Sidhi,Rajesh Mishra,Madhya Pradesh,Bharatiya Janata Party
226,Shahdol (ST),Himadri Singh,Madhya Pradesh,Bharatiya Janata Party
227,Jabalpur,Ashish Dubey,Madhya Pradesh,Bharatiya Janata Party
228,Mandla (ST),Faggan Singh Kulaste,Madhya Pradesh,Bharatiya Janata Party
229,Balaghat (ST),Bharti Pardhi,Madhya Pradesh,Bharatiya Janata Party
230,Chhindwara,Vivek Kumar Sahu,Madhya Pradesh,Bharatiya Janata Party
231,Hoshangabad,Darshan Singh Choudhary,Madhya Pradesh,Bharatiya Janata Party
232,Vidisha,Shivraj Singh Chauhan,Madhya Pradesh,Bharatiya Janata Party
233,Bhopal,Alok Sharma,Madhya Pradesh,Bharatiya Janata Party
234,Rajgarh,Rodmal Nagar,Madhya Pradesh,Bharatiya Janata Party
235,Dewas (SC),Mahendra Solanki,Madhya Pradesh,Bharatiya Janata Party
236,Ujjain (SC),Anil Firojiya,Madhya Pradesh,Bharatiya Janata Party
237,Mandsour,Sudhir Gupta,Madhya Pradesh,Bharatiya Janata Party
238,Ratlam (ST),Anita Nagar Singh Chouhan,Madhya Pradesh,Bharatiya Janata Party
239,Dhar (ST),Savitri Thakur,Madhya Pradesh,Bharatiya Janata Party
240,Indore,Shankar Lalwani,Madhya Pradesh,Bharatiya Janata Party
241,Khargone,Gajendra Patel,Madhya Pradesh,Bharatiya Janata Party
242,Khandwa,Gyaneswar Patil,Madhya Pradesh,Bharatiya Janata Party
243,Betul (ST),Durga Das Uikey,Madhya Pradesh,Bharatiya Janata Party
244,Nandurbar (ST),Gowaal Kagada Padavi,Maharashtra,Indian National Congress
245,Dhule,Bachhav Shobha Dinesh,Maharashtra,Indian National Congress
246,Jalgaon,Smita Wagh,Maharashtra,Bharatiya Janata Party
247,Raver,Raksha Khadse,Maharashtra,Bharatiya Janata Party
248,Buldhana,Prataprao Ganpatrao Jadhav,Maharashtra,Shiv Sena
249,Akola,Anup Sanjay Dhotre,Maharashtra,Bharatiya Janata Party
250,Amravati (SC),Balwant Baswant Wankhade,Maharashtra,Indian National Congress
251,Wardha,Amar Sharadrao Kale,Maharashtra,Nationalist Congress Party (Sharadchandra Pawar)
252,Ramtek (SC),Shyamkumar Daulat Barve,Maharashtra,Indian National Congress
253,Nagpur,Nitin Gadkari,Maharashtra,Bharatiya Janata Party
254,Bhandara–Gondiya,Prashant Yadaorao Padole,Maharashtra,Indian National Congress
255,Gadchiroli–Chimur (ST),Kirsan Namdeo,Maharashtra,Indian National Congress
256,Chandrapur,Pratibha Suresh Dhanorkar,Maharashtra,Indian National Congress
257,Yavatmal–Washim,Sanjay Uttamrao Deshmukh,Maharashtra,Shiv Sena (Uddhav Balasaheb Thackeray)
258,Hingoli,Nagesh Aashtikar Patil,Maharashtra,Shiv Sena (Uddhav Balasaheb Thackeray)
259,Nanded,Vasantrao Balwantrao Chavan,Maharashtra,Indian National Congress
260,Parbhani,Sanjay Haribhau Jadhav,Maharashtra,Shiv Sena (Uddhav Balasaheb Thackeray)
261,Jalna,Kalyan Kale,Maharashtra,Indian National Congress
262,Aurangabad,Sandipanrao Bhumre,Maharashtra,Shiv Sena
263,Dindori (ST),Bhaskar Bhagare,Maharashtra,Nationalist Congress Party (Sharadchandra Pawar)
264,Nashik,Rajabhau Waje,Maharashtra,Shiv Sena (Uddhav Balasaheb Thackeray)
265,Palghar (ST),Hemant Vishnu Savara,Maharashtra,Bharatiya Janata Party
266,Bhiwandi,Suresh G. Mhatre,Maharashtra,Nationalist Congress Party (Sharadchandra Pawar)
267,Kalyan,Shrikant Eknath Shinde,Maharashtra,Shiv Sena
268,Thane,Naresh Ganpat Mhaske,Maharashtra,Shiv Sena
269,Mumbai North,Piyush Goyal,Maharashtra,Bharatiya Janata Party
270,Mumbai North West,Ravindra Waikar,Maharashtra,Shiv Sena
271,Mumbai North East,Sanjay Dina Patil,Maharashtra,Shiv Sena (Uddhav Balasaheb Thackeray)
272,Mumbai North Central,Varsha Gaikwad,Maharashtra,Indian National Congress
273,Mumbai South Central,Anil Desai,Maharashtra,Shiv Sena (Uddhav Balasaheb Thackeray)
274,Mumbai South,Arvind Sawant,Maharashtra,Shiv Sena (Uddhav Balasaheb Thackeray)
275,Raigad,Tatkare Sunil Dattatray,Maharashtra,Nationalist Congress Party
276,Maval,Shrirang Barne,Maharashtra,Shiv Sena
277,Pune,Murlidhar Mohol,Maharashtra,Bharatiya Janata Party
278,Baramati,Supriya Sule,Maharashtra,Nationalist Congress Party (Sharadchandra Pawar)
279,Shirur,Amol Ramsing Kolhe,Maharashtra,Nationalist Congress Party (Sharadchandra Pawar)
280,Ahmednagar,Nilesh Dnyandev Lanke,Maharashtra,Nationalist Congress Party (Sharadchandra Pawar)
281,Shirdi (SC),Bhausaheb Rajaram Wakchaure,Maharashtra,Shiv Sena (Uddhav Balasaheb Thackeray)
282,Beed,Bajrang Manohar Sonwane,Maharashtra,Nationalist Congress Party (Sharadchandra Pawar)
283,Osmanabad,Omprakash Rajenimbalkar,Maharashtra,Shiv Sena (Uddhav Balasaheb Thackeray)
284,Latur (SC),Kalge Shivaji Bandappa,Maharashtra,Indian National Congress
285,Solapur (SC),Praniti Sushilkumar Shinde,Maharashtra,Indian National Congress
286,Madha,Mohite Patil Dhairyasheel Rajsinh,Maharashtra,Nationalist Congress Party (Sharadchandra Pawar)
287,Sangli,Vishal Prakashbapu Patil,Maharashtra,Indian National Congress
288,Satara,Udayanraje Bhosale,Maharashtra,Bharatiya Janata Party
289,Ratnagiri–Sindhudurg,Narayan Rane,Maharashtra,Bharatiya Janata Party
290,Kolhapur,Shahu Chhatrapati Maharaj,Maharashtra,Indian National Congress
291,Hatkanangle,Dhairyasheel Sambhajirao Mane,Maharashtra,Shiv Sena
292,Inner Manipur,Angomcha Bimol Akoijam,Manipur,Indian National Congress
293,Outer Manipur (ST),Alfred Kan-Ngam Arthur,Manipur,Indian National Congress
294,Shillong (ST),Ricky AJ Syngkon,Meghalaya,Voice of the People Party
295,Tura (ST),Saleng A. Sangma,Meghalaya,Indian National Congress
296,Mizoram (ST),Richard Vanlalhmangaiha,Mizoram,Zoram People's Movement
297,Nagaland,S. Supongmeren Jamir,Nagaland,Indian National Congress
298,Bargarh,Pradip Purohit,Odisha,Bharatiya Janata Party
299,Sundargarh (ST),Jual Oram,Odisha,Bharatiya Janata Party
300,Sambalpur,Dharmendra Pradhan,Odisha,Bharatiya Janata Party
301,Keonjhar (ST),Ananta Nayak,Odisha,Bharatiya Janata Party
302,Mayurbhanj (ST),Naba Charan Majhi,Odisha,Bharatiya Janata Party
303,Balasore,Pratap Chandra Sarangi,Odisha,Bharatiya Janata Party
304,Bhadrak (SC),Avimanyu Sethi,Odisha,Bharatiya Janata Party
305,Jajpur (SC),Rabindra Narayan Behera,Odisha,Bharatiya Janata Party
306,Dhenkanal,Rudra Narayan Pany,Odisha,Bharatiya Janata Party
307,Bolangir,Sangeeta Kumari Singh Deo,Odisha,Bharatiya Janata Party
308,Kalahandi,Malvika Devi,Odisha,Bharatiya Janata Party
309,Nabarangpur (ST),Balabhadra Majhi,Odisha,Bharatiya Janata Party
310,Kandhamal,Sukanta Kumar Panigrahi,Odisha,Bharatiya Janata Party
311,Cuttack,Bhartruhari Mahtab,Odisha,Bharatiya Janata Party
312,Kendrapara,Baijayant Panda,Odisha,Bharatiya Janata Party
313,Jagatsinghpur (SC),Bibhu Prasad Tarai,Odisha,Bharatiya Janata Party
314,Puri,Sambit Patra,Odisha,Bharatiya Janata Party
315,Bhubaneswar,Aparajita Sarangi,Odisha,Bharatiya Janata Party
316,Aska,Anita Subhadarshini,Odisha,Bharatiya Janata Party
317,Berhampur,Pradeep Kumar Panigrahy,Odisha,Bharatiya Janata Party
318,Koraput (ST),Saptagiri Sankar Ulaka,Odisha,Indian National Congress
319,Puducherry,V. Vaithilingam,Puducherry,Indian National Congress
320,Gurdaspur,Sukhjinder Singh Randhawa,Punjab,Indian National Congress
321,Amritsar,Gurjeet Singh Aujla,Punjab,Indian National Congress
322,Khadoor Sahib,Amritpal Singh,Punjab,Independent politician
323,Jalandhar (SC),Charanjit Singh Channi,Punjab,Indian National Congress
324,Hoshiarpur (SC),Raj Kumar Chabbewal,Punjab,Aam Aadmi Party
325,Anandpur Sahib,Malwinder Singh Kang,Punjab,Aam Aadmi Party
326,Ludhiana,Amrinder Singh Raja Warring,Punjab,Indian National Congress
327,Fatehgarh Sahib (SC),Amar Singh,Punjab,Indian National Congress
328,Faridkot (SC),Sarabjeet Singh Khalsa,Punjab,Independent politician
329,Ferozpur,Sher Singh Ghubaya,Punjab,Indian National Congress
330,Bathinda,Harsimrat Kaur Badal,Punjab,Shiromani Akali Dal
331,Sangrur,Gurmeet Singh Meet Hayer,Punjab,Aam Aadmi Party
332,Patiala,Dharamvir Gandhi,Punjab,Indian National Congress
333,Ganganagar (SC),Kuldeep Indora,Rajasthan,Indian National Congress
334,Bikaner (SC),Arjun Ram Meghwal,Rajasthan,Bharatiya Janata Party
335,Churu,Rahul Kaswan,Rajasthan,Indian National Congress
336,Jhunjhunu,Brijendra Singh Ola,Rajasthan,Indian National Congress
337,Sikar,Amra Ram,Rajasthan,Communist Party of India (Marxist)
338,Jaipur Rural,Rao Rajendra Singh,Rajasthan,Bharatiya Janata Party
339,Jaipur,Manju Sharma,Rajasthan,Bharatiya Janata Party
340,Alwar,Bhupender Yadav,Rajasthan,Bharatiya Janata Party
341,Bharatpur (SC),Sanjana Jatav,Rajasthan,Indian National Congress
342,Karauli–Dholpur (SC),Bhajan Lal Jatav,Rajasthan,Indian National Congress
343,Dausa (ST),Murari Lal Meena,Rajasthan,Indian National Congress
344,Tonk–Sawai Madhopur,Harish Meena,Rajasthan,Indian National Congress
345,Ajmer,Bhagirath Chaudhary,Rajasthan,Bharatiya Janata Party
346,Nagaur,Hanuman Beniwal,Rajasthan,Rashtriya Loktantrik Party
347,Pali,P. P. Chaudhary,Rajasthan,Bharatiya Janata Party
348,Jodhpur,Gajendra Singh Shekhawat,Rajasthan,Bharatiya Janata Party
349,Barmer,Ummeda Ram Beniwal,Rajasthan,Indian National Congress
350,Jalore,Lumbaram Choudhary,Rajasthan,Bharatiya Janata Party
351,Udaipur (ST),Manna Lal Rawat,Rajasthan,Bharatiya Janata Party
352,Banswara (ST),Rajkumar Roat,Rajasthan,Bharat Adivasi Party
353,Chittorgarh,Chandra Prakash Joshi,Rajasthan,Bharatiya Janata Party
354,Rajsamand,Mahima Kumari Mewar,Rajasthan,Bharatiya Janata Party
355,Bhilwara,Damodar Agarwal,Rajasthan,Bharatiya Janata Party
356,Kota,Om Birla,Rajasthan,Bharatiya Janata Party
357,Jhalawar,Dushyant Singh,Rajasthan,Bharatiya Janata Party
358,Sikkim,Indra Hang Subba,Sikkim,Sikkim Krantikari Morcha
359,Thiruvallur (SC),Sasikanth Senthil,Tamil Nadu,Indian National Congress
360,Chennai North,Kalanidhi Veeraswamy,Tamil Nadu,Dravida Munnetra Kazhagam
361,Chennai South,Tamizhachi Thangapandian,Tamil Nadu,Dravida Munnetra Kazhagam
362,Chennai Central,Dayanidhi Maran,Tamil Nadu,Dravida Munnetra Kazhagam
363,Sriperumbudur,T.R. Baalu,Tamil Nadu,Dravida Munnetra Kazhagam
364,Kancheepuram (SC),G. Selvam,Tamil Nadu,Dravida Munnetra Kazhagam
365,Arakkonam,S. Jagathrakshakan,Tamil Nadu,Dravida Munnetra Kazhagam
366,Vellore,D.M.K. Anand,Tamil Nadu,Dravida Munnetra Kazhagam
367,Krishnagiri,K. Gopinath,Tamil Nadu,Indian National Congress
368,Dharmapuri,A. Mani,Tamil Nadu,Dravida Munnetra Kazhagam
369,Tiruvannamalai,C.N. Annadurai,Tamil Nadu,Dravida Munnetra Kazhagam
370,Arani,M.S. Tharanivendhan,Tamil Nadu,Dravida Munnetra Kazhagam
371,Viluppuram (SC),Durai Ravikumar,Tamil Nadu,Viduthalai Chiruthaigal Katchi
372,Kallakurichi,Malaiyarasan D,Tamil Nadu,Dravida Munnetra Kazhagam
373,Salem,T. M. Selvaganapathi,Tamil Nadu,Dravida Munnetra Kazhagam
374,Namakkal,V. S. Matheswaran,Tamil Nadu,Dravida Munnetra Kazhagam
375,Erode,K. E. Prakash,Tamil Nadu,Dravida Munnetra Kazhagam
376,Tiruppur,K. Subbarayan,Tamil Nadu,Communist Party of India
377,Nilgiris (SC),A. Raja,Tamil Nadu,Dravida Munnetra Kazhagam
378,Coimbatore,Ganapathi P. Raj Kumar,Tamil Nadu,Dravida Munnetra Kazhagam
379,Pollachi,Eswarasamy,Tamil Nadu,Dravida Munnetra Kazhagam
380,Dindigul,R. Sachidanandam,Tamil Nadu,Communist Party of India (Marxist)
381,Karur,Jothimani,Tamil Nadu,Indian National Congress
382,Tiruchirappalli,Durai Vaiyapuri,Tamil Nadu,Marumalarchi Dravida Munnetra Kazhagam
383,Perambalur,Arun Nehru,Tamil Nadu,Dravida Munnetra Kazhagam
384,Cuddalore,M. K. Vishnu Prasad,Tamil Nadu,Indian National Congress
385,Chidambaram (SC),Thol. Thirumavalavan,Tamil Nadu,Viduthalai Chiruthaigal Katchi
386,Mayiladuthurai,Sudha Ramakrishnan,Tamil Nadu,Indian National Congress
387,Nagapattinam (SC),Selvaraj V,Tamil Nadu,Communist Party of India
388,Thanjavur,S. Murasoli,Tamil Nadu,Dravida Munnetra Kazhagam
389,Sivaganga,Karti Chidambaram,Tamil Nadu,Indian National Congress
390,Madurai,S. Venkatesan,Tamil Nadu,Communist Party of India (Marxist)
391,Theni,Thanga Tamil Selvan,Tamil Nadu,Dravida Munnetra Kazhagam
392,Virudhunagar,Manickam Tagore,Tamil Nadu,Indian National Congress
393,Ramanathapuram,Navas Kani,Tamil Nadu,Indian Union Muslim League
394,Thoothukkudi,Kanimozhi Karunanidhi,Tamil Nadu,Dravida Munnetra Kazhagam
395,Tenkasi (SC),Rani Srikumar,Tamil Nadu,Dravida Munnetra Kazhagam
396,Tirunelveli,Robert Bruce,Tamil Nadu,Indian National Congress
397,Kanyakumari,Vijay Vasanth,Tamil Nadu,Indian National Congress
398,Adilabad (ST),Godam Nagesh,Telangana,Bharatiya Janata Party
399,Peddapalle (SC),Vamsi Krishna Gaddam,Telangana,Indian National Congress
400,Karimnagar,Bandi Sanjay Kumar,Telangana,Bharatiya Janata Party
401,Nizamabad,Dharmapuri Arvind,Telangana,Bharatiya Janata Party
402,Zahirabad,Suresh Shetkar,Telangana,Indian National Congress
403,Medak,Raghunandan Rao,Telangana,Bharatiya Janata Party
404,Malkajgiri,Etela Rajender,Telangana,Bharatiya Janata Party
405,Secunderabad,G. Kishan Reddy,Telangana,Bharatiya Janata Party
406,Hyderabad,Asaduddin Owaisi,Telangana,All India Majlis-E-Ittehadul Muslimeen
407,Chevella,Konda Vishweshwar Reddy,Telangana,Bharatiya Janata Party
408,Mahbubnagar,D. K. Aruna,Telangana,Bharatiya Janata Party
409,Nagarkurnool (SC),Mallu Ravi,Telangana,Indian National Congress
410,Nalgonda,Raghuveer Reddy Kunduru,Telangana,Indian National Congress
411,Bhongir,Chamala Kiran Kumar Reddy,Telangana,Indian National Congress
412,Warangal (SC),Kadiyam Kavya,Telangana,Indian National Congress
413,Mahabubabad (ST),Balram Naik,Telangana,Indian National Congress
414,Khammam,Ramasahayam Raghuram Reddy,Telangana,Indian National Congress
415,Tripura West,Biplab Kumar Deb,Tripura,Bharatiya Janata Party
416,Tripura East (ST),Kriti Singh Debbarma,Tripura,Bharatiya Janata Party
417,Saharanpur,Imran Masood,Uttar Pradesh,Indian National Congress
418,Kairana,Iqra Choudhary,Uttar Pradesh,Samajwadi Party
419,Muzaffarnagar,Harendra Singh Malik,Uttar Pradesh,Samajwadi Party
420,Bijnor,Chandan Chauhan,Uttar Pradesh,Rashtriya Lok Dal
421,Nagina (SC),Chandrashekhar Azad,Uttar Pradesh,Azad Samaj Party
422,Moradabad,Ruchi Veera,Uttar Pradesh,Samajwadi Party
423,Rampur,Mohibbullah,Uttar Pradesh,Samajwadi Party
424,Sambhal,Zia ur Rahman Barq,Uttar Pradesh,Samajwadi Party
425,Amroha,Kanwar Singh Tanwar,Uttar Pradesh,Bharatiya Janata Party
426,Meerut,Arun Govil,Uttar Pradesh,Bharatiya Janata Party
427,Baghpat,Rajkumar Sangwan,Uttar Pradesh,Rashtriya Lok Dal
428,Ghaziabad,Atul Garg,Uttar Pradesh,Bharatiya Janata Party
429,Gautam Buddh Nagar,Dr. Mahesh Sharma,Uttar Pradesh,Bharatiya Janata Party
430,Bulandshahr (SC),Bhola Singh,Uttar Pradesh,Bharatiya Janata Party
431,Aligarh,Satish Kumar Gautam,Uttar Pradesh,Bharatiya Janata Party
432,Hathras (SC),Anoop Pradhan,Uttar Pradesh,Bharatiya Janata Party
433,Mathura,Hema Malini,Uttar Pradesh,Bharatiya Janata Party
434,Agra (SC),S.P. Singh Baghel,Uttar Pradesh,Bharatiya Janata Party
435,Fatehpur Sikri,Rajkumar Chahar,Uttar Pradesh,Bharatiya Janata Party
436,Firozabad,Akshay Yadav,Uttar Pradesh,Samajwadi Party
437,Mainpuri,Dimple Yadav,Uttar Pradesh,Samajwadi Party
438,Etah,Devesh Shakya,Uttar Pradesh,Samajwadi Party
439,Badaun,Aaditya Yadav,Uttar Pradesh,Samajwadi Party
440,Aonla,Neeraj Kushwaha Maurya,Uttar Pradesh,Samajwadi Party
441,Bareilly,Chhatrapal Singh Gangwar,Uttar Pradesh,Bharatiya Janata Party
442,Pilibhit,Jitin Prasada,Uttar Pradesh,Bharatiya Janata Party
443,Shahjahanpur (SC),Arun Kumar Sagar,Uttar Pradesh,Bharatiya Janata Party
444,Kheri,Utkarsh Verma,Uttar Pradesh,Samajwadi Party
445,Dhaurahra,Anand Bhadauriya,Uttar Pradesh,Samajwadi Party
446,Sitapur,Rakesh Rathore,Uttar Pradesh,Indian National Congress
447,Hardoi (SC),Jai Prakash,Uttar Pradesh,Bharatiya Janata Party
448,Misrikh (SC),Ashok Kumar Rawat,Uttar Pradesh,Bharatiya Janata Party
449,Unnao,Sakshi Maharaj,Uttar Pradesh,Bharatiya Janata Party
450,Mohanlalganj (SC),R. K. Chaudhary,Uttar Pradesh,Samajwadi Party
451,Lucknow,Rajnath Singh,Uttar Pradesh,Bharatiya Janata Party
452,Rae Bareli,Rahul Gandhi,Uttar Pradesh,Indian National Congress
453,Amethi,Kishori Lal Sharma,Uttar Pradesh,Indian National Congress
454,Sultanpur,Rambhual Nishad,Uttar Pradesh,Samajwadi Party
455,Pratapgarh,S. P. Singh Patel,Uttar Pradesh,Samajwadi Party
456,Farrukhabad,Mukesh Rajput,Uttar Pradesh,Bharatiya Janata Party
457,Etawah (SC),Jitendra Kumar Dohare,Uttar Pradesh,Samajwadi Party
458,Kannauj,Akhilesh Yadav,Uttar Pradesh,Samajwadi Party
459,Kanpur,Ramesh Awasthi,Uttar Pradesh,Bharatiya Janata Party
460,Akbarpur,Devendra Singh Bhole,Uttar Pradesh,Bharatiya Janata Party
461,Jalaun (SC),Narayan Das Ahirwar,Uttar Pradesh,Samajwadi Party
462,Jhansi,Anurag Sharma,Uttar Pradesh,Bharatiya Janata Party
463,Hamirpur,Ajendra Singh Lodhi,Uttar Pradesh,Samajwadi Party
464,Banda,Krishna Devi Shivshanker Patel,Uttar Pradesh,Samajwadi Party
465,Fatehpur,Naresh Uttam Patel,Uttar Pradesh,Samajwadi Party
466,Kaushambi (SC),Pushpendra Saroj,Uttar Pradesh,Samajwadi Party
467,Phulpur,Praveen Patel,Uttar Pradesh,Bharatiya Janata Party
468,Allahabad,Ujjwal Rewati Raman Singh,Uttar Pradesh,Indian National Congress
469,Barabanki (SC),Tanuj Punia,Uttar Pradesh,Indian National Congress
470,Faizabad,Awadhesh Prasad,Uttar Pradesh,Samajwadi Party
471,Ambedkar Nagar,Lalji Verma,Uttar Pradesh,Samajwadi Party
472,Bahraich,Anand Kumar,Uttar Pradesh,Bharatiya Janata Party
473,Kaiserganj,Karan Bhushan Singh,Uttar Pradesh,Bharatiya Janata Party
474,Shrawasti,Ram Shiromani Verma,Uttar Pradesh,Samajwadi Party
475,Gonda,Kirti Vardhan Singh,Uttar Pradesh,Bharatiya Janata Party
476,Domariyaganj,Jagdambika Pal,Uttar Pradesh,Bharatiya Janata Party
477,Basti,Ram Prasad Chaudhary,Uttar Pradesh,Samajwadi Party
478,Sant Kabir Nagar,Laxmikant alias Pappu Nishad,Uttar Pradesh,Samajwadi Party
479,Maharajganj,Pankaj Chaudhary,Uttar Pradesh,Bharatiya Janata Party
480,Gorakhpur,Ravi Kishan,Uttar Pradesh,Bharatiya Janata Party
481,Kushi Nagar,Vijay Kumar Dubey,Uttar Pradesh,Bharatiya Janata Party
482,Deoria,Shashank Mani,Uttar Pradesh,Bharatiya Janata Party
483,Bansgaon (SC),Kamlesh Paswan,Uttar Pradesh,Bharatiya Janata Party
484,Lalganj (SC),Daroga Saroj,Uttar Pradesh,Samajwadi Party
485,Azamgarh,Dharmendra Yadav,Uttar Pradesh,Samajwadi Party
486,Ghosi,Rajiv Rai,Uttar Pradesh,Samajwadi Party
487,Salempur,Ramashankar Rajbhar,Uttar Pradesh,Samajwadi Party
488,Ballia,Sanatan Pandey,Uttar Pradesh,Samajwadi Party
489,Jaunpur,Babu Singh Kushwaha,Uttar Pradesh,Samajwadi Party
490,Machhlishahr (SC),Priya Saroj,Uttar Pradesh,Samajwadi Party
491,Ghazipur,Afzal Ansari,Uttar Pradesh,Samajwadi Party
492,Chandauli,Bijendra Singh,Uttar Pradesh,Samajwadi Party
493,Varanasi,Narendra Modi,Uttar Pradesh,Bharatiya Janata Party
494,Bhadohi,Vinod Kumar Bind,Uttar Pradesh,Bharatiya Janata Party
495,Mirzapur,Anupriya Patel,Uttar Pradesh,Apna Dal
496,Robertsganj (SC),Chhotelal Kharwar,Uttar Pradesh,Samajwadi Party
497,Tehri Garhwal,Mala Rajya Laxmi Shah,Uttarakhand,Bharatiya Janata Party
498,Garhwal,Anil Baluni,Uttarakhand,Bharatiya Janata Party
499,Almora (SC),Ajay Tamta,Uttarakhand,Bharatiya Janata Party
500,Nainital–Udhamsingh Nagar,Ajay Bhatt,Uttarakhand,Bharatiya Janata Party
501,Haridwar,Trivendra Singh Rawat,Uttarakhand,Bharatiya Janata Party
502,Cooch Behar (SC),Jagadish Chandra Barma Basunia,West Bengal,Trinamool Congress
503,Alipurduars (ST),Manoj Tigga,West Bengal,Bharatiya Janata Party
504,Jalpaiguri (SC),Jayanta Kumar Roy,West Bengal,Bharatiya Janata Party
505,Darjeeling,Raju Bista,West Bengal,Bharatiya Janata Party
506,Raiganj,Kartick Paul,West Bengal,Bharatiya Janata Party
507,Balurghat,Sukanta Majumdar,West Bengal,Bharatiya Janata Party
508,Maldaha Uttar,Khagen Murmu,West Bengal,Bharatiya Janata Party
509,Maldaha Dakshin,Isha Khan Choudhury,West Bengal,Indian National Congress
510,Jangipur,Khalilur Rahaman,West Bengal,Trinamool Congress
511,Baharampur,Yusuf Pathan,West Bengal,Trinamool Congress
512,Murshidabad,Abu Taher Khan,West Bengal,Trinamool Congress
513,Krishnanagar,Mahua Moitra,West Bengal,Trinamool Congress
514,Ranaghat (SC),Jagannath Sarkar,West Bengal,Bharatiya Janata Party
515,Bangaon (SC),Shantanu Thakur,West Bengal,Bharatiya Janata Party
516,Barrackpore,Partha Bhowmick,West Bengal,Trinamool Congress
517,Dum Dum,Saugata Roy,West Bengal,Trinamool Congress
518,Barasat,Kakoli Ghosh Dastidar,West Bengal,Trinamool Congress
519,Basirhat,Haji Nurul Islam,West Bengal,Trinamool Congress
520,Jaynagar (SC),Pratima Mondal,West Bengal,Trinamool Congress
521,Mathurapur (SC),Bapi Halder,West Bengal,Trinamool Congress
522,Diamond Harbour,Abhishek Banerjee,West Bengal,Trinamool Congress
523,Jadavpur,Saayoni Ghosh,West Bengal,Trinamool Congress
524,Kolkata Dakshin,Mala Roy,West Bengal,Trinamool Congress
525,Kolkata Uttar,Sudip Bandyopadhyay,West Bengal,Trinamool Congress
526,Howrah,Prasun Banerjee,West Bengal,Trinamool Congress
527,Uluberia,Sajda Ahmed,West Bengal,Trinamool Congress
528,Srerampur,Kalyan Banerjee,West Bengal,Trinamool Congress
529,Hooghly,Rachana Banerjee,West Bengal,Trinamool Congress
530,Arambagh (SC),Mitali Bag,West Bengal,Trinamool Congress
531,Tamluk,Abhijit Gangopadhyay,West Bengal,Bharatiya Janata Party
532,Kanthi,Soumendu Adhikari,West Bengal,Bharatiya Janata Party
533,Ghatal,Deepak Adhikari,West Bengal,Trinamool Congress
534,Jhargram (ST),Kalipada Soren,West Bengal,Trinamool Congress
535,Medinipur,June Malia,West Bengal,Trinamool Congress
536,Purulia,Jyotirmay Singh Mahato,West Bengal,Bharatiya Janata Party
537,Bankura,Arup Chakraborty,West Bengal,Trinamool Congress
538,Bishnupur (SC),Saumitra Khan,West Bengal,Bharatiya Janata Party
539,Bardhaman Purba (SC),Sharmila Sarkar,West Bengal,Trinamool Congress
540,Bardhaman–Durgapur,Kirti Azad,West Bengal,Trinamool Congress
541,Asansol,Shatrughan Sinha,West Bengal,Trinamool Congress
542,Bolpur (SC),Asit Kumar Mal,West Bengal,Trinamool Congress
543,Birbhum,Satabdi Roy,West Bengal,Trinamool Congress
